[
  {
    "id": 1,
    "model": "Primera",
    "make": "Nissan",
    "description": "The Nissan Primera was produced between 2002 and 2008. It was available as a 4-door sedan or a 5-door hatchback or estate. The entry-level 1.6-liter petrol feels underpowered for a large car. The 1.8-liter petrol is keen, the refined 2.0-liter unit is the star performer. An improved 2.2-liter turbodiesel performs well, but is only relatively economical, as it's competitors in this class with similar characteristics offer even lower fuel consumption.",
    "preview": "/assets/img/car1.png",
    "price": 23320
  },
  {
    "id": 2,
    "model": "Cefiro",
    "make": "Nissan",
    "description": "The Nissan Cefiro is an intermediate-size automobile range sold in Japan and other countries. It was available only as a 4 door sedan. A large proportion were equipped with automatic transmissions. Originally marketed towards the Japanese salaryman the top model used the same engine as found in the R32 Nissan Skyline, a 2 litre turbo charged 6 cylinder engine capable of just over 200 hp (150 kW). Other variants came with other versions of the Nissan RB engine. Brand new, the Cefiro was slightly more expensive than the equivalent Nissan Skyline.",
    "preview": "/assets/img/car2.png",
    "price": 38165
  },
  {
    "id": 3,
    "model": "Camry",
    "make": "Toyota",
    "description": "The Toyota Camry is a midsize car manufactured by Toyota in Georgetown, Kentucky, USA; as well as Australia; and Japan. Since 2001 it has been the top selling car in the United States.The Holden equivalents were not successful even though they came from the same factory as the Camry. Since 2000 Daihatsu has sold a Camry twin named the Daihatsu Altis. The name comes from the English phonetic of the Japanese word \"kan-muri,\" which means \"crown.\"",
    "preview": "/assets/img/car3.png",
    "price": 24170
  },
  {
    "id": 4,
    "model": "Century",
    "make": "Toyota",
    "description": "The Toyota Century is a large four-door limousine produced by Toyota mainly for the Japanese market. Production of the Century began in 1967 and the model received only minor changes until redesign in 1997. This second-generation Century is still sold in Japan. The Century is produced in limited numbers and is built in a \"nearly hand-made\" fashion. It is often used by royalty, government leaders, and executive businessmen. Although the Century is not exported outside Japan in large numbers, it is used frequently by officials stationed in overseas Japanese offices. In contrast to other luxurious cars (such as the Maybach or a Rolls Royce), the Century has not been positioned and marketed as a sign of wealth or excess. Instead, the Century projects an image of conservative achievement.",
    "preview": "/assets/img/car4.png",
    "price": 28730
  },
  {
    "id": 5,
    "model": "Sigma",
    "make": "Mitsubishi",
    "description": "The third-generation of Japanese car Mitsubishi Galant, dating from 1976, was divided into two models: the Galant Sigma (for the sedan and wagon) and the Galant Lambda (the coupe). The former was sold in many markets as the Mitsubishi Galant (without the word 'Sigma') and in Australia as the Chrysler Sigma (until 1980, after which it became the Mitsubishi Sigma). Strangely, in New Zealand it was badged as 'Galant Sigma' but colloquially referred to as the 'Sigma', a name it formally adopted after 1980.",
    "preview": "/assets/img/car5.png",
    "price": 54120
  },
  {
    "id": 6,
    "model": "Challenger",
    "make": "Mitsubishi",
    "description": "The Mitsubishi Challenger, called Mitsubishi Pajero Sport in most export markets, Mitsubishi Montero Sport in Spanish-speaking countries (including North America), Mitsubishi Shogun Sport in the UK and Mitsubishi Nativa in Central and South Americas (the Challenger name was also used in Australia), is a medium sized SUV built by the Mitsubishi Motors Corporation. It was released in 1997, and is still built as of 2006, although it's no longer available in its native Japan since the end of 2003.",
    "preview": "/assets/img/car6.png",
    "price": 58750
  },
  {
    "id": 7,
    "model": "Civic",
    "make": "Honda",
    "description": "The eighth generation Honda Civic is produced since 2006. It is available as a coupe, hatchback and sedan. Models produced for the North American market have a different styling. At the moment there are four petrol engines and one diesel developed for this car. The 1.4-liter petrol is more suitable for the settled driving around town. The 1.8-liter petrol, developing 140 hp is a willing performer. The 2.2-liter diesel is similar to the Accord's unit. It accelerates rapidly and is economical as well. The Honda Civic is also available with a hybrid engine. In this case engine is coupled with an automatic transmission only. The 2.0-liter model is available with the ppushle shift gearbox.",
    "preview": "/assets/img/car1.png",
    "price": 17479
  },
  {
    "id": 8,
    "model": "New Beetle",
    "make": "Volkswagen",
    "description": " The Volkswagen Beetle is produced since 1998. It is available as a coupe or convertible. The VW Beetle is powered by a wide range of engines, including two 1.9-liter turbodiesels, and turbocharged 1.8-liter petrol. There is also a 3.2-liter RSI available for the range topper. The new Beetle has nothing in common with the rear-engined original, except the 'retro' design. It is based on the VW Golf and has the same solid build quality.",
    "preview": "/assets/img/car2.png",
    "price": 67540
  },
  {
    "id": 9,
    "model": "Golf V",
    "make": "Volkswagen",
    "description": "The Volkswagen Golf V is produced since 2003. There is a wide range of fine and reliable engines. The best choice would be 1.6-liter FSI direct injection petrol with 115 hp or 2.0-liter turbodiesel with 150 hp. The last mentioned features an outstanding fuel economy for it's capacity and acceleration speed, although is a bit noisy. The strongest performer is a 2.0-liter GTI, delivering 200 hp, which continues the Golf's hot hatch traditions. Steering is sharp. The car is stable at speed and easily controlled as the power steering gets weightier with speed, unfortunately it does not give enough feedback to the driver. The ride is a bit firm in town, as the reliability of suspension was preferred to the comfort. It is a common feature of all VW Golf's.",
    "preview": "/assets/img/car3.png",
    "price": 78200
  },
  {
    "id": 10,
    "model": "Neon",
    "make": "Chrysler",
    "description": " This car is sold as the Dodge Neon in the United States and as Chrysler Neon for export only. It is a second generation Neon produced since 2000. There is a choice of three petrol engines. The basic 1.6-liter petrol is the same unit found on the MINI. The top of the range is a 2.0-liter engine, providing 133 hp, besides acceleration is a weak point of all Neons.",
    "preview": "/assets/img/car4.png",
    "price": 85400
  }
]